Date,Open,High,Low,Close ,Adj_Close ,Volume,daily_returns,prct_returns
2023-03-01,23150.93,23880.63,23088.63,23646.55,23646.55,24662841200,-0.007234882,-0.007234882
2023-03-02,23647.02,23739.14,23245.02,23475.47,23475.47,20386398516,-0.047402246,-0.047402246
2023-03-03,23476.63,23479.35,22213.24,22362.68,22362.68,26062404610,-0.000417213,-0.000417213
2023-03-04,22362.92,22405.18,22198.98,22353.35,22353.35,11166012913,0.003675512,0.003675512
2023-03-05,22354.14,22613.69,22307.14,22435.51,22435.51,13317001733,-0.00025629,-0.00025629
2023-03-06,22436.82,22584.29,22331.31,22429.76,22429.76,17353192895,-0.009362115,-0.009362115
2023-03-07,22428.32,22527.42,22011.26,22219.77,22219.77,22765452204,-0.022578542,-0.022578542
2023-03-08,22216.44,22268.9,21708.05,21718.08,21718.08,22536575684,-0.062393177,-0.062393177
2023-03-09,21720.08,21802.72,20210.31,20363.02,20363.02,30364664171,-0.008632315,-0.008632315
2023-03-10,20367,20370.6,19628.25,20187.24,20187.24,39578257695,0.022052049,0.022052049
2023-03-11,20187.88,20792.53,20068.66,20632.41,20632.41,30180288176,0.074229816,0.074229816
2023-03-12,20628.03,22185.03,20448.81,22163.95,22163.95,29279035521,0.091751696,0.091751696
2023-03-13,22156.41,24550.84,21918.2,24197.53,24197.53,49466362688,0.022669256,0.022669256
2023-03-14,24201.77,26514.72,24081.18,24746.07,24746.07,54622230164,-0.014956314,-0.014956314
2023-03-15,24770.93,25240.62,23964.91,24375.96,24375.96,43655701450,0.027766291,0.027766291
2023-03-16,24373.46,25190.33,24225.11,25052.79,25052.79,33866061747,0.094645746,0.094645746
2023-03-17,25055.12,27787.81,24955.17,27423.93,27423.93,50730261335,-0.016702566,-0.016702566
2023-03-18,27448.12,27725.95,26636.26,26965.88,26965.88,35723036817,0.039783608,0.039783608
2023-03-19,26969.5,28440.56,26907.72,28038.68,28038.68,37769448859,-0.009680912,-0.009680912
2023-03-20,28041.6,28527.72,27242.88,27767.24,27767.24,44774027664,0.014714462,0.014714462
2023-03-21,27768.39,28439.56,27439.65,28175.82,28175.82,36102192830,-0.030820044,-0.030820044
2023-03-22,28158.72,28803.34,26760,27307.44,27307.44,33382021890,0.037591587,0.037591587
2023-03-23,27301.96,28729.84,27183.36,28333.97,28333.97,24220433689,-0.029670392,-0.029670392
2023-03-24,28324.11,28388.44,27039.27,27493.29,27493.29,25980310960,0.000051649,0.000051649
2023-03-25,27487.34,27791.83,27196.23,27494.71,27494.71,13383005987,0.018171496,0.018171496
2023-03-26,27495.52,28178.14,27445.05,27994.33,27994.33,13878363192,-0.030521895,-0.030521895
2023-03-27,27994.07,28037.93,26606.69,27139.89,27139.89,18188895178,0.004725148,0.004725148
2023-03-28,27132.89,27460.72,26677.82,27268.13,27268.13,17783600385,0.039618045,0.039618045
2023-03-29,27267.03,28619.54,27259.66,28348.44,28348.44,20684945906,-0.01110749,-0.01110749
2023-03-30,28350.14,29159.9,27720.16,28033.56,28033.56,22435349951,0.015870977,0.015870977
2023-03-31,28032.26,28639.9,27583.71,28478.48,28478.48,19001327598,-0.002368104,-0.002368104
2023-04-01,28473.33,28802.46,28297.17,28411.04,28411.04,10876469901,-0.007452385,-0.007452385
2023-04-02,28462.85,28518.96,27884.09,28199.31,28199.31,12284641999,-0.014507093,-0.014507093
2023-04-03,28183.08,28475.62,27276.72,27790.22,27790.22,19556501327,0.01359723,0.01359723
2023-04-04,27795.27,28433.74,27681.3,28168.09,28168.09,15284538859,0.000351107,0.000351107
2023-04-05,28169.73,28739.24,27843.76,28177.98,28177.98,17052315986,-0.004749808,-0.004749808
2023-04-06,28175.23,28178.38,27738.76,28044.14,28044.14,13837809380,-0.004217637,-0.004217637
2023-04-07,28038.97,28111.59,27794.03,27925.86,27925.86,10861680497,0.000785294,0.000785294
2023-04-08,27920.51,28159.86,27883.39,27947.79,27947.79,9373255556,0.01378499,0.01378499
2023-04-09,27952.37,28532.83,27828.48,28333.05,28333.05,12175322951,0.046586231,0.046586231
2023-04-10,28336.03,29771.46,28189.27,29652.98,29652.98,19282400094,0.01962973,0.01962973
2023-04-11,29653.68,30509.08,29609.3,30235.06,30235.06,20121259843,-0.003175453,-0.003175453
2023-04-12,30231.58,30462.48,29725.57,30139.05,30139.05,18651929926,0.008627346,0.008627346
2023-04-13,29892.74,30539.85,29878.62,30399.07,30399.07,17487721001,0.002849758,0.002849758
2023-04-14,30409.56,31005.61,30044.5,30485.7,30485.7,22659995079,-0.005484539,-0.005484539
2023-04-15,30490.75,30601.74,30245.88,30318.5,30318.5,11940685378,-0.000103567,-0.000103567
2023-04-16,30315.98,30555.54,30157.83,30315.36,30315.36,12854816417,-0.028708879,-0.028708879
2023-04-17,30317.15,30319.2,29275.37,29445.04,29445.04,17872186762,0.032348742,0.032348742
2023-04-18,29449.09,30470.3,29154.85,30397.55,30397.55,19480529496,-0.05180911,-0.05180911
2023-04-19,30394.19,30411.05,28669.9,28822.68,28822.68,24571565421,-0.020008202,-0.020008202
2023-04-20,28823.68,29076.4,28037.26,28245.99,28245.99,21340360360,-0.034308587,-0.034308587
2023-04-21,28249.23,28349.97,27177.37,27276.91,27276.91,20759504330,0.019818594,0.019818594
2023-04-22,27265.89,27872.14,27169.57,27817.5,27817.5,13125734602,-0.008128696,-0.008128696
2023-04-23,27816.14,27820.24,27400.31,27591.38,27591.38,12785446832,-0.002393501,-0.002393501
2023-04-24,27591.73,27979.98,27070.85,27525.34,27525.34,17703288330,0.028419631,0.028419631
2023-04-25,27514.87,28371.08,27207.93,28307.6,28307.6,17733373139,0.004066046,0.004066046
2023-04-26,28300.06,29995.84,27324.55,28422.7,28422.7,31854242019,0.036980653,0.036980653
2023-04-27,28428.46,29871.55,28402.89,29473.79,29473.79,27153445027,-0.004530466,-0.004530466
2023-04-28,29481.01,29572.79,28929.61,29340.26,29340.26,17544464887,-0.003127784,-0.003127784
2023-04-29,29336.57,29452.46,29088.04,29248.49,29248.49,10662634333,0.000694737,0.000694737
2023-04-30,29245.52,29952.03,29114.02,29268.81,29268.81,14652199272,-0.040221656,-0.040221656
2023-05-01,29227.1,29329.94,27680.79,28091.57,28091.57,18655599976,0.020966076,0.020966076
2023-05-02,28087.18,28881.3,27924.12,28680.54,28680.54,16432924527,0.011358573,0.011358573
2023-05-03,28680.49,29259.53,28178.39,29006.31,29006.31,19122972518,-0.005467776,-0.005467776
2023-05-04,29031.3,29353.19,28694.04,28847.71,28847.71,15548678514,0.023803276,0.023803276
2023-05-05,28851.48,29668.91,28845.51,29534.38,29534.38,17936566518,-0.021322946,-0.021322946
2023-05-06,29538.86,29820.13,28468.97,28904.62,28904.62,15913866714,-0.015555991,-0.015555991
2023-05-07,28901.62,29157.52,28441.37,28454.98,28454.98,11301355486,-0.026733809,-0.026733809
2023-05-08,28450.46,28663.27,27310.13,27694.27,27694.27,19122903752,-0.001281493,-0.001281493
2023-05-09,27695.07,27821.4,27375.6,27658.78,27658.78,14128593256,-0.001338454,-0.001338454
2023-05-10,27654.64,28322.69,26883.67,27621.76,27621.76,20656025026,-0.022481189,-0.022481189
2023-05-11,27621.09,27621.94,26781.83,27000.79,27000.79,16724343943,-0.00725164,-0.00725164
2023-05-12,26987.66,27055.65,25878.43,26804.99,26804.99,19313599897,-0.000780079,-0.000780079
2023-05-13,26807.77,27030.48,26710.87,26784.08,26784.08,9999171605,0.005471907,0.005471907
2023-05-14,26788.97,27150.98,26661.36,26930.64,26930.64,10014858959,0.009730552,0.009730552
2023-05-15,26931.38,27646.35,26766.1,27192.69,27192.69,14413231792,-0.005738307,-0.005738307
2023-05-16,27171.51,27299.3,26878.95,27036.65,27036.65,12732238816,0.013394781,0.013394781
2023-05-17,27035.47,27465.93,26600.14,27398.8,27398.8,15140006925,-0.020679373,-0.020679373
2023-05-18,27401.65,27466.53,26415.1,26832.21,26832.21,15222938600,0.0021586,0.0021586
2023-05-19,26826.75,27128.62,26700.21,26890.13,26890.13,11258983301,0.008905126,0.008905126
2023-05-20,26888.84,27155.16,26843.28,27129.59,27129.59,7044911360,-0.013850559,-0.013850559
2023-05-21,27118.42,27265.92,26706.92,26753.83,26753.83,8647416921,0.003642469,0.003642469
2023-05-22,26749.89,27045.73,26549.73,26851.28,26851.28,11056770492,0.013945331,0.013945331
2023-05-23,26855.96,27434.68,26816.18,27225.73,27225.73,13697203143,-0.03272309,-0.03272309
2023-05-24,27224.6,27224.6,26106.58,26334.82,26334.82,16299104428,0.005368937,0.005368937
2023-05-25,26329.46,26591.52,25890.59,26476.21,26476.21,13851122697,0.009181072,0.009181072
2023-05-26,26474.18,26916.67,26343.95,26719.29,26719.29,12711619225,0.005578741,0.005578741
2023-05-27,26720.18,26888.88,26621.14,26868.35,26868.35,7892015141,0.045306094,0.045306094
2023-05-28,26871.16,28193.45,26802.75,28085.65,28085.65,14545229578,-0.012097637,-0.012097637
2023-05-29,28075.59,28432.04,27563.88,27745.88,27745.88,15181308984,-0.001568882,-0.001568882
2023-05-30,27745.12,28044.76,27588.5,27702.35,27702.35,13251081851,-0.017424154,-0.017424154
2023-05-31,27700.53,27831.68,26866.45,27219.66,27219.66,15656371534,-0.014683872,-0.014683872
2023-06-01,27218.41,27346.11,26671.72,26819.97,26819.97,14678970415,0.016018661,0.016018661
2023-06-02,26824.56,27303.86,26574.64,27249.59,27249.59,14837415000,-0.006402298,-0.006402298
2023-06-03,27252.32,27317.05,26958,27075.13,27075.13,8385597470,0.001622892,0.001622892
2023-06-04,27075.12,27407.02,26968.22,27119.07,27119.07,9360912318,-0.050111232,-0.050111232
2023-06-05,27123.11,27129.98,25445.17,25760.1,25760.1,21513292646,0.057401951,0.057401951
2023-06-06,25732.11,27313.82,25434.87,27238.78,27238.78,21929670693,-0.032776064,-0.032776064
2023-06-07,27235.65,27332.18,26146.99,26346,26346,19530045082,0.006157291,0.006157291
2023-06-08,26347.65,26797.51,26246.66,26508.22,26508.22,11904824295,-0.00105024,-0.00105024
2023-06-09,26505.92,26770.29,26339.31,26480.38,26480.38,11015551640,-0.023758722,-0.023758722
2023-06-10,26481.76,26531.04,25501.84,25851.24,25851.24,19872933189,0.003440067,0.003440067
2023-06-11,25854.03,26203.44,25668.99,25940.17,25940.17,10732609603,-0.001452188,-0.001452188
2023-06-12,25934.29,26087.92,25675.2,25902.5,25902.5,11677889997,0.00062658,0.00062658
2023-06-13,25902.94,26376.35,25728.37,25918.73,25918.73,14143474486,-0.030636146,-0.030636146
2023-06-14,25920.26,26041.8,24902.15,25124.68,25124.68,14265717766,0.017978736,0.017978736
2023-06-15,25121.67,25735.31,24797.17,25576.39,25576.39,15837384409,0.029365755,0.029365755
2023-06-16,25575.28,26463.17,25245.36,26327.46,26327.46,16324646965,0.006959274,0.006959274
2023-06-17,26328.68,26769.39,26174.49,26510.68,26510.68,11090276850,-0.006581121,-0.006581121
2023-06-18,26510.46,26675.93,26325.89,26336.21,26336.21,9565695129,0.019547991,0.019547991
2023-06-19,26335.44,26984.61,26312.83,26851.03,26851.03,12826986222,0.05498709,0.05498709
2023-06-20,26841.66,28388.97,26668.79,28327.49,28327.49,22211859147,0.060005669,0.060005669
2023-06-21,28311.31,30737.33,28283.41,30027.3,30027.3,33346760979,-0.003830514,-0.003830514
2023-06-22,29995.94,30496,29679.16,29912.28,29912.28,20653160491,0.026182892,0.026182892
2023-06-23,29896.38,31389.54,29845.21,30695.47,30695.47,24115570085,-0.004781487,-0.004781487
2023-06-24,30708.74,30804.15,30290.15,30548.7,30548.7,12147822496,-0.002240357,-0.002240357
2023-06-25,30545.15,31041.27,30327.94,30480.26,30480.26,12703464114,-0.006861162,-0.006861162
2023-06-26,30480.52,30636.03,29955.74,30271.13,30271.13,16493186997,0.013776493,0.013776493
2023-06-27,30274.32,31006.79,30236.65,30688.16,30688.16,16428827944,-0.019613753,-0.019613753
2023-06-28,30696.56,30703.28,29921.82,30086.25,30086.25,14571500779,0.011935685,0.011935685
2023-06-29,30086.19,30796.25,30057.2,30445.35,30445.35,13180860821,0.001047779,0.001047779
2023-06-30,30441.35,31256.86,29600.28,30477.25,30477.25,26387306197,0.003702106,0.003702106
2023-07-01,30471.85,30641.29,30328.87,30590.08,30590.08,9086606733,0.001003266,0.001003266
2023-07-02,30587.27,30766.14,30264.02,30620.77,30620.77,10533418042,0.017493682,0.017493682
2023-07-03,30624.52,31375.61,30586.51,31156.44,31156.44,15271884873,-0.012159926,-0.012159926
2023-07-04,31156.87,31325.2,30659.36,30777.58,30777.58,12810828427,-0.008558503,-0.008558503
2023-07-05,30778.72,30877.33,30225.61,30514.17,30514.17,12481622280,-0.019821283,-0.019821283
2023-07-06,30507.15,31460.05,29892.23,29909.34,29909.34,21129219509,0.014474743,0.014474743
2023-07-07,29908,30434.64,29777.29,30342.27,30342.27,13384770155,-0.001638968,-0.001638968
2023-07-08,30346.92,30374.44,30080.16,30292.54,30292.54,7509378699,-0.004004616,-0.004004616
2023-07-09,30291.61,30427.59,30085.59,30171.23,30171.23,7903327692,0.008061985,0.008061985
2023-07-10,30172.42,31026.08,29985.39,30414.47,30414.47,14828209155,0.006788874,0.006788874
2023-07-11,30417.63,30788.31,30358.1,30620.95,30620.95,12151839152,-0.007488337,-0.007488337
2023-07-12,30622.25,30959.96,30228.84,30391.65,30391.65,14805659717,0.035680853,0.035680853
2023-07-13,30387.49,31814.52,30268.35,31476.05,31476.05,23686079548,-0.036280918,-0.036280918
2023-07-14,31474.72,31582.25,29966.39,30334.07,30334.07,20917902660,-0.001261288,-0.001261288
2023-07-15,30331.78,30407.78,30263.46,30295.81,30295.81,8011667756,-0.001540807,-0.001540807
2023-07-16,30297.47,30437.56,30089.67,30249.13,30249.13,8516564470,-0.003412991,-0.003412991
2023-07-17,30249.63,30336.4,29685.78,30145.89,30145.89,13240156074,-0.00959766,-0.00959766
2023-07-18,30147.07,30233.66,29556.43,29856.56,29856.56,13138897269,0.001921186,0.001921186
2023-07-19,29862.05,30184.18,29794.27,29913.92,29913.92,12128602812,-0.004075026,-0.004075026
2023-07-20,29915.25,30195.53,29638.1,29792.02,29792.02,14655207121,0.003917828,0.003917828
2023-07-21,29805.11,30046,29733.85,29908.74,29908.74,10972789818,-0.004578595,-0.004578595
2023-07-22,29908.7,29991.62,29664.12,29771.8,29771.8,7873300598,0.010504571,0.010504571
2023-07-23,29790.11,30330.64,29741.53,30084.54,30084.54,9220145050,-0.030168984,-0.030168984
2023-07-24,30081.66,30093.39,28934.29,29176.92,29176.92,15395817395,0.001729792,0.001729792
2023-07-25,29178.97,29353.16,29062.43,29227.39,29227.39,10266772793,0.004365084,0.004365084
2023-07-26,29225.76,29675.55,29113.91,29354.97,29354.97,13497554655,-0.004915011,-0.004915011
2023-07-27,29353.8,29560.97,29099.35,29210.69,29210.69,10770779217,0.003716448,0.003716448
2023-07-28,29212.16,29521.51,29125.85,29319.25,29319.25,11218474952,0.001284821,0.001284821
2023-07-29,29319.45,29396.84,29264.17,29356.92,29356.92,6481775959,-0.002779924,-0.002779924
2023-07-30,29357.09,29443.17,29059.5,29275.31,29275.31,8678454527,-0.001543963,-0.001543963
2023-07-31,29278.31,29489.87,29131.58,29230.11,29230.11,11656781982,0.015245239,0.015245239
2023-08-01,29230.87,29675.73,28657.02,29675.73,29675.73,18272392391,-0.017649776,-0.017649776
2023-08-02,29704.15,29988,28946.51,29151.96,29151.96,19212655598,0.000916576,0.000916576
2023-08-03,29161.81,29375.71,28959.49,29178.68,29178.68,12780357746,-0.003584466,-0.003584466
2023-08-04,29174.38,29302.08,28885.34,29074.09,29074.09,12036639988,-0.001099261,-0.001099261
2023-08-05,29075.39,29102.46,28957.8,29042.13,29042.13,6598366353,-9.29684E-06,-9.29684E-06
2023-08-06,29043.7,29160.82,28963.83,29041.86,29041.86,7269806994,0.004776554,0.004776554
2023-08-07,29038.51,29244.28,28724.14,29180.58,29180.58,13618163710,0.020044495,0.020044495
2023-08-08,29180.02,30176.8,29113.81,29765.49,29765.49,17570561357,-0.006853574,-0.006853574
2023-08-09,29766.7,30093.44,29376.8,29561.49,29561.49,18379521213,-0.004461886,-0.004461886
2023-08-10,29563.97,29688.56,29354.45,29429.59,29429.59,11865344789,-0.001083263,-0.001083263
2023-08-11,29424.9,29517.77,29253.52,29397.71,29397.71,10195168197,0.000620797,0.000620797
2023-08-12,29399.79,29465.11,29357.59,29415.96,29415.96,6194358008,-0.004523055,-0.004523055
2023-08-13,29416.59,29441.43,29265.81,29282.91,29282.91,7329897180,0.004286801,0.004286801
2023-08-14,29283.26,29660.25,29124.11,29408.44,29408.44,14013695304,-0.008095975,-0.008095975
2023-08-15,29408.05,29439.12,29088.85,29170.35,29170.35,12640195779,-0.016063229,-0.016063229
2023-08-16,29169.07,29221.98,28701.78,28701.78,28701.78,14949271904,-0.070979221,-0.070979221
2023-08-17,28699.8,28745.95,25409.11,26664.55,26664.55,31120851211,-0.023063956,-0.023063956
2023-08-18,26636.08,26808.2,25668.92,26049.56,26049.56,24026236529,0.001790817,0.001790817
2023-08-19,26047.83,26249.45,25802.41,26096.21,26096.21,10631443812,0.003577914,0.003577914
2023-08-20,26096.86,26260.68,26004.31,26189.58,26189.58,9036580420,-0.002498704,-0.002498704
2023-08-21,26188.69,26220.2,25846.09,26124.14,26124.14,13371557893,-0.003540021,-0.003540021
2023-08-22,26130.75,26135.51,25520.73,26031.66,26031.66,14503820706,0.015365136,0.015365136
2023-08-23,26040.47,26786.9,25805,26431.64,26431.64,16985265785,-0.010187412,-0.010187412
2023-08-24,26431.52,26554.91,25914.93,26162.37,26162.37,12871532023,-0.004384159,-0.004384159
2023-08-25,26163.68,26248.1,25786.81,26047.67,26047.67,12406045118,-0.001505317,-0.001505317
2023-08-26,26047.23,26107.38,25983.88,26008.46,26008.46,6034817316,0.003123215,0.003123215
2023-08-27,26008.24,26165.37,25965.1,26089.69,26089.69,6913768611,0.000630901,0.000630901
2023-08-28,26089.62,26198.58,25880.6,26106.15,26106.15,11002805166,0.062101842,0.062101842
2023-08-29,26102.49,28089.34,25912.63,27727.39,27727.39,29368391712,-0.015512459,-0.015512459
2023-08-30,27726.08,27760.16,27069.21,27297.27,27297.27,16343655235,-0.050034307,-0.050034307
2023-08-31,27301.93,27456.08,25752.93,25931.47,25931.47,20181001451,-0.005042136,-0.005042136
2023-09-01,25934.02,26125.87,25362.61,25800.72,25800.72,17202862221,0.002638686,0.002638686
2023-09-02,25800.91,25970.29,25753.09,25868.8,25868.8,10100387473,0.003895426,0.003895426
2023-09-03,25869.47,26087.15,25817.03,25969.57,25969.57,8962524523,-0.006051313,-0.006051313
2023-09-04,25968.17,26081.53,25657.03,25812.42,25812.42,10680635106,-0.001256759,-0.001256759
2023-09-05,25814.96,25858.38,25589.99,25779.98,25779.98,11094740040,-0.001037239,-0.001037239
2023-09-06,25783.93,25953.02,25404.36,25753.24,25753.24,12752705327,0.018908689,0.018908689
2023-09-07,25748.31,26409.3,25608.2,26240.2,26240.2,11088307100,-0.012749522,-0.012749522
2023-09-08,26245.21,26414.01,25677.48,25905.65,25905.65,10817356400,-0.000384858,-0.000384858
2023-09-09,25905.43,25921.98,25810.49,25895.68,25895.68,5481314132,-0.002450216,-0.002450216
2023-09-10,25895.21,25978.13,25640.26,25832.23,25832.23,7899553047,-0.025920333,-0.025920333
2023-09-11,25831.71,25883.95,24930.3,25162.65,25162.65,14600006467,0.026654188,0.026654188
2023-09-12,25160.66,26451.94,25133.08,25833.34,25833.34,18657279324,0.015289544,0.015289544
2023-09-13,25837.55,26376.11,25781.12,26228.32,26228.32,13072077070,0.011870756,0.011870756
2023-09-14,26228.28,26774.62,26171.45,26539.67,26539.67,13811359124,0.002600635,0.002600635
2023-09-15,26533.82,26840.5,26240.7,26608.69,26608.69,11479735788,-0.001518677,-0.001518677
2023-09-16,26606.2,26754.77,26473.89,26568.28,26568.28,7402031417,-0.001283109,-0.001283109
2023-09-17,26567.93,26618,26445.07,26534.19,26534.19,6774210670,0.008294581,0.008294581
2023-09-18,26532.99,27414.73,26415.52,26754.28,26754.28,15615339655,0.017075399,0.017075399
2023-09-19,26760.85,27488.76,26681.61,27211.12,27211.12,13807690550,-0.002907267,-0.002907267
2023-09-20,27210.23,27379.51,26864.08,27132.01,27132.01,13281116604,-0.02080126,-0.02080126
2023-09-21,27129.84,27152.94,26389.3,26567.63,26567.63,13371443708,0.000449419,0.000449419
2023-09-22,26564.06,26726.08,26495.53,26579.57,26579.57,10578746709,-6.77212E-06,-6.77212E-06
2023-09-23,26578.56,26634.19,26520.52,26579.39,26579.39,7404700301,-0.012135719,-0.012135719
2023-09-24,26579.37,26716.06,26221.05,26256.83,26256.83,8192867686,0.001586254,0.001586254
2023-09-25,26253.78,26421.51,26011.47,26298.48,26298.48,11997833257,-0.003088772,-0.003088772
2023-09-26,26294.76,26389.88,26090.71,26217.25,26217.25,9985498161,0.005167209,0.005167209
2023-09-27,26209.5,26817.84,26111.46,26352.72,26352.72,11718380997,0.025379923,0.025379923
2023-09-28,26355.81,27259.5,26327.32,27021.55,27021.55,14079002707,-0.004064534,-0.004064534
2023-09-29,27024.84,27225.94,26721.76,26911.72,26911.72,10396435377,0.002088309,0.002088309
2023-09-30,26911.69,27091.79,26888.97,26967.92,26967.92,5331172801,0.037668089,0.037668089
2023-10-01,26967.4,28047.24,26965.09,27983.75,27983.75,9503917434,-0.016186537,-0.016186537
2023-10-02,27976.8,28494.46,27347.79,27530.79,27530.79,19793041322,-0.003661718,-0.003661718
2023-10-03,27508.25,27667.19,27216,27429.98,27429.98,11407814187,0.013467381,0.013467381
2023-10-04,27429.07,27826.66,27248.11,27799.39,27799.39,11143355314,-0.013794547,-0.013794547
2023-10-05,27798.65,28091.86,27375.6,27415.91,27415.91,11877253670,0.019357008,0.019357008
2023-10-06,27412.12,28252.54,27215.55,27946.6,27946.6,13492391599,0.000795803,0.000795803
2023-10-07,27946.78,28028.09,27870.42,27968.84,27968.84,6553044316,-0.0012067,-0.0012067
2023-10-08,27971.68,28102.17,27740.66,27935.09,27935.09,7916875290,-0.012579519,-0.012579519
2023-10-09,27934.47,27989.47,27302.56,27583.68,27583.68,12007668568,-0.006984565,-0.006984565
2023-10-10,27589.2,27715.85,27301.65,27391.02,27391.02,9973350678,-0.018900355,-0.018900355
2023-10-11,27392.08,27474.12,26561.1,26873.32,26873.32,13648094333,-0.004335899,-0.004335899
2023-10-12,26873.29,26921.44,26558.32,26756.8,26756.8,9392909295,0.003945913,0.003945913
2023-10-13,26752.88,27092.7,26686.32,26862.38,26862.38,15165312851,-2.49419E-05,-2.49419E-05
2023-10-14,26866.2,26969,26814.59,26861.71,26861.71,5388116782,0.011091624,0.011091624
2023-10-15,26858.01,27289.17,26817.89,27159.65,27159.65,7098201980,0.050067656,0.050067656
2023-10-16,27162.63,29448.14,27130.47,28519.47,28519.47,27833876539,-0.003636814,-0.003636814
2023-10-17,28522.1,28618.75,28110.19,28415.75,28415.75,14872527508,-0.003076111,-0.003076111
2023-10-18,28413.53,28889.01,28174.25,28328.34,28328.34,12724128586,0.013819024,0.013819024
2023-10-19,28332.42,28892.47,28177.99,28719.81,28719.81,14448058195,0.033535737,0.033535737
2023-10-20,28732.81,30104.09,28601.67,29682.95,29682.95,21536125230,0.0079325,0.0079325
2023-10-21,29683.38,30287.48,29481.75,29918.41,29918.41,11541146996,0.002523196,0.002523196
2023-10-22,29918.65,30199.43,29720.31,29993.9,29993.9,10446520040,0.10309863,0.10309863
2023-10-23,30140.69,34370.44,30097.83,33086.23,33086.23,38363572311,0.024641671,0.024641671
2023-10-24,33077.3,35150.43,32880.76,33901.53,33901.53,44934999645,0.017736368,0.017736368
2023-10-25,33916.04,35133.76,33709.11,34502.82,34502.82,25254318008,-0.010033093,-0.010033093
2023-10-26,34504.29,34832.91,33762.32,34156.65,34156.65,19427195376,-0.007226997,-0.007226997
2023-10-27,34156.5,34238.21,33416.89,33909.8,33909.8,16418032871,0.005301417,0.005301417
2023-10-28,33907.72,34399.39,33874.8,34089.57,34089.57,10160330825,0.013168544,0.013168544
2023-10-29,34089.37,34743.26,33947.57,34538.48,34538.48,11160323986,-0.00104579,-0.00104579
2023-10-30,34531.74,34843.93,34110.97,34502.36,34502.36,17184860315,0.004794455,0.004794455
2023-10-31,34500.08,34719.25,34083.31,34667.78,34667.78,15758270810,0.022195537,0.022195537
2023-11-01,34657.27,35527.93,34170.69,35437.25,35437.25,22446272005,-0.01408151,-0.01408151
2023-11-02,35441.58,35919.84,34401.57,34938.24,34938.24,20998158544,-0.005893829,-0.005893829
2023-11-03,34942.47,34942.47,34133.44,34732.32,34732.32,17158456701,0.010073614,0.010073614
2023-11-04,34736.32,35256.03,34616.69,35082.2,35082.2,9561294264,-0.000936087,-0.000936087
2023-11-05,35090.01,35340.34,34594.24,35049.36,35049.36,12412743996,-0.000342089,-0.000342089
2023-11-06,35044.79,35286.03,34765.36,35037.37,35037.37,12693436420,0.011593051,0.011593051
2023-11-07,35047.79,35892.42,34545.82,35443.56,35443.56,18834737789,0.005973441,0.005973441
2023-11-08,35419.48,35994.42,35147.8,35655.28,35655.28,17295394918,0.029107891,0.029107891
2023-11-09,35633.63,37926.26,35592.1,36693.13,36693.13,37762672382,0.016919789,0.016919789
2023-11-10,36702.25,37493.8,36362.75,37313.97,37313.97,22711265155,-0.004714588,-0.004714588
2023-11-11,37310.07,37407.09,36773.67,37138.05,37138.05,13924272142,-0.002249176,-0.002249176
2023-11-12,37133.99,37227.69,36779.12,37054.52,37054.52,11545715999,-0.014901286,-0.014901286
2023-11-13,37070.3,37405.12,36399.61,36502.36,36502.36,19057712790,-0.026428976,-0.026428976
2023-11-14,36491.79,36753.35,34948.5,35537.64,35537.64,23857403554,0.065928407,0.065928407
2023-11-15,35548.11,37964.89,35383.78,37880.58,37880.58,27365821679,-0.045559229,-0.045559229
2023-11-16,37879.98,37934.63,35545.47,36154.77,36154.77,26007385366,0.01222273,0.01222273
2023-11-17,36164.82,36704.48,35901.23,36596.68,36596.68,22445028430,-0.000300027,-0.000300027
2023-11-18,36625.37,36839.28,36233.31,36585.7,36585.7,11886022717,0.0218897,0.0218897
2023-11-19,36585.77,37509.36,36414.6,37386.55,37386.55,12915986553,0.002418249,0.002418249
2023-11-20,37374.07,37756.82,36882.53,37476.96,37476.96,20888209068,-0.044377932,-0.044377932
2023-11-21,37469.16,37631.14,35813.81,35813.81,35813.81,25172163756,0.045192902,0.045192902
2023-11-22,35756.55,37856.98,35670.97,37432.34,37432.34,24397247860,-0.003812746,-0.003812746
2023-11-23,37420.43,37643.92,36923.86,37289.62,37289.62,14214948217,0.011549058,0.011549058
2023-11-24,37296.32,38415.34,37261.61,37720.28,37720.28,22922957823,0.002028352,0.002028352
2023-11-25,37721.41,37892.43,37617.42,37796.79,37796.79,9099571165,-0.008404682,-0.008404682
2023-11-26,37796.83,37820.3,37162.75,37479.12,37479.12,13744796068,-0.006002009,-0.006002009
2023-11-27,37454.19,37559.36,36750.13,37254.17,37254.17,19002925720,0.015486052,0.015486052
2023-11-28,37247.99,38368.48,36891.09,37831.09,37831.09,21696137014,0.000724272,0.000724272
2023-11-29,37826.11,38366.11,37612.63,37858.49,37858.49,20728546658,-0.003849599,-0.003849599
2023-11-30,37861.12,38141.75,37531.14,37712.75,37712.75,18115982627,0.025879842,0.025879842
2023-12-01,37718.01,38954.11,37629.36,38688.75,38688.75,23512784002,0.020356822,0.020356822
2023-12-02,38689.28,39678.94,38652.59,39476.33,39476.33,15534035612,0.012718001,0.012718001
2023-12-03,39472.21,40135.61,39298.16,39978.39,39978.39,15769696322,0.0500698,0.0500698
2023-12-04,39978.63,42371.75,39978.63,41980.1,41980.1,39856129827,0.050036803,0.050036803
2023-12-05,41986.27,44408.66,41421.15,44080.65,44080.65,36312154535,-0.007581558,-0.007581558
2023-12-06,44080.02,44265.77,43478.08,43746.45,43746.45,29909761586,-0.010373185,-0.010373185
2023-12-07,43769.13,44042.59,42880.65,43292.66,43292.66,27635760671,0.020186794,0.020186794
2023-12-08,43293.14,44705.52,43125.3,44166.6,44166.6,24421116687,-0.009976317,-0.009976317
2023-12-09,44180.02,44361.26,43627.6,43725.98,43725.98,17368210171,0.00122856,0.00122856
2023-12-10,43728.38,44034.63,43593.29,43779.7,43779.7,13000481418,-0.057923421,-0.057923421
2023-12-11,43792.02,43808.38,40234.58,41243.83,41243.83,40632672038,0.005004142,0.005004142
2023-12-12,41238.73,42048.3,40667.56,41450.22,41450.22,24779520132,0.034753012,0.034753012
2023-12-13,41468.46,43429.78,40676.87,42890.74,42890.74,26797884674,0.003106265,0.003106265
2023-12-14,42884.26,43390.86,41767.09,43023.97,43023.97,25578530178,-0.025432567,-0.025432567
2023-12-15,43028.25,43087.82,41692.97,41929.76,41929.76,19639442462,0.007401903,0.007401903
2023-12-16,41937.74,42664.95,41723.11,42240.12,42240.12,14386729590,-0.020725793,-0.020725793
2023-12-17,42236.11,42359.5,41274.54,41364.66,41364.66,16678702876,0.030433708,0.030433708
2023-12-18,41348.2,42720.3,40530.26,42623.54,42623.54,25224642008,-0.008282043,-0.008282043
2023-12-19,42641.51,43354.3,41826.34,42270.53,42270.53,23171001281,0.032687549,0.032687549
2023-12-20,42261.3,44275.59,42223.82,43652.25,43652.25,27868908174,0.004968816,0.004968816
2023-12-21,43648.13,44240.67,43330.05,43869.15,43869.15,22452766169,0.002934864,0.002934864
2023-12-22,43868.99,44367.96,43441.97,43997.9,43997.9,21028503216,-0.005872098,-0.005872098
2023-12-23,44012.2,44015.7,43351.36,43739.54,43739.54,13507796558,-0.016539269,-0.016539269
2023-12-24,43728.37,43945.52,42786.92,43016.12,43016.12,18830554085,0.013878983,0.013878983
2023-12-25,43010.57,43765.09,42765.77,43613.14,43613.14,21115795370,-0.025055293,-0.025055293
2023-12-26,43599.85,43603.18,41676.49,42520.4,42520.4,30026850982,0.021694528,0.021694528
2023-12-27,42518.47,43683.16,42167.58,43442.86,43442.86,25260941032,-0.018760275,-0.018760275
2023-12-28,43468.2,43804.78,42318.55,42627.86,42627.86,22992093014,-0.012397057,-0.012397057
2023-12-29,42614.64,43124.32,41424.06,42099.4,42099.4,26000021055,0.001365815,0.001365815
2023-12-30,42091.75,42584.13,41556.23,42156.9,42156.9,16013925945,0.002568737,0.002568737
2023-12-31,42152.1,42860.94,41998.25,42265.19,42265.19,16397498810,0.045004885,0.045004885
2024-01-01,42280.23,44175.44,42214.98,44167.33,44167.33,18426978443,0.017901014,0.017901014
2024-01-02,44187.14,45899.71,44176.95,44957.97,44957.97,39335274536,-0.046928053,-0.046928053
2024-01-03,44961.6,45503.24,40813.54,42848.18,42848.18,46342323118,0.031080433,0.031080433
2024-01-04,42855.82,44770.02,42675.18,44179.92,44179.92,30448091210,-0.000389996,-0.000389996
2024-01-05,44192.98,44353.29,42784.72,44162.69,44162.69,32336029347,-0.003928429,-0.003928429
2024-01-06,44178.95,44227.63,43475.16,43989.2,43989.2,16092503468,-0.001047985,-0.001047985
2024-01-07,43998.46,44495.57,43662.23,43943.1,43943.1,19330573863,0.068893637,0.068893637
2024-01-08,43948.71,47218,43244.08,46970.5,46970.5,42746192015,-0.017687059,-0.017687059
2024-01-09,46987.64,47893.7,45244.71,46139.73,46139.73,39821290992,0.010577652,0.010577652
2024-01-10,46121.54,47647.22,44483.15,46627.78,46627.78,50114613298,-0.005558703,-0.005558703
2024-01-11,46656.07,48969.37,45678.64,46368.59,46368.59,45833734549,-0.075814684,-0.075814684
2024-01-12,46354.79,46498.14,41903.77,42853.17,42853.17,43332698900,-0.00025179,-0.00025179
2024-01-13,42799.45,43234.66,42464.14,42842.38,42842.38,20601860469,-0.024417644,-0.024417644
2024-01-14,42842.26,43065.6,41724.61,41796.27,41796.27,17521429522,0.017123538,0.017123538
2024-01-15,41715.07,43319.72,41705.42,42511.97,42511.97,22320220558,0.015124681,0.015124681
2024-01-16,42499.34,43566.27,42086,43154.95,43154.95,24062872740,-0.009553945,-0.009553945
2024-01-17,43132.1,43189.89,42189.31,42742.65,42742.65,20851232595,-0.03463964,-0.03463964
2024-01-18,42742.31,42876.35,40631.17,41262.06,41262.06,25218357242,0.008636263,0.008636263
2024-01-19,41278.46,42134.16,40297.46,41618.41,41618.41,25752407154,0.001133633,0.001133633
2024-01-20,41624.59,41877.89,41446.82,41665.59,41665.59,11586690904,-0.002875274,-0.002875274
2024-01-21,41671.49,41855.37,41497.01,41545.79,41545.79,9344043642,-0.049064418,-0.049064418
2024-01-22,41553.65,41651.21,39450.12,39507.37,39507.37,31338708143,0.008559922,0.008559922
2024-01-23,39518.71,40127.35,38521.89,39845.55,39845.55,29244553045,0.005810436,0.005810436
2024-01-24,39877.59,40483.79,39508.8,40077.07,40077.07,22359526178,-0.003574613,-0.003574613
2024-01-25,40075.55,40254.48,39545.66,39933.81,39933.81,18491782013,0.047154529,0.047154529
2024-01-26,39936.82,42209.39,39825.69,41816.87,41816.87,25598119893,0.007250184,0.007250184
2024-01-27,41815.63,42195.63,41431.28,42120.05,42120.05,11422941934,-0.002005221,-0.002005221
2024-01-28,42126.13,42797.18,41696.91,42035.59,42035.59,16858971687,0.029799986,0.029799986
2024-01-29,42030.91,43305.87,41818.33,43288.25,43288.25,20668476578,-0.007753605,-0.007753605
2024-01-30,43300.23,43838.95,42711.37,42952.61,42952.61,23842814518,-0.008614145,-0.008614145
2024-01-31,42946.25,43717.41,42298.95,42582.61,42582.61,24673628793,0.011581253,0.011581253
2024-02-01,42569.76,43243.17,41879.19,43075.77,43075.77,21423953779,0.002555729,0.002555729
2024-02-02,43077.64,43422.49,42584.34,43185.86,43185.86,18603843039,-0.00448318,-0.00448318
2024-02-03,43184.96,43359.94,42890.81,42992.25,42992.25,11169245236,-0.009505667,-0.009505667
2024-02-04,42994.94,43097.64,42374.83,42583.58,42583.58,14802225490,0.001763356,0.001763356
2024-02-05,42577.62,43494.25,42264.82,42658.67,42658.67,18715487317,0.009986247,0.009986247
2024-02-06,42657.39,43344.15,42529.02,43084.67,43084.67,16798476726,0.028630833,0.028630833
2024-02-07,43090.02,44341.95,42775.96,44318.22,44318.22,21126587775,0.022188391,0.022188391
2024-02-08,44332.13,45575.84,44332.13,45301.57,45301.57,26154524080,0.040740972,0.040740972
2024-02-09,45297.38,48152.5,45260.82,47147.2,47147.2,39316770844,0.013236841,0.013236841
2024-02-10,47153.53,48146.17,46905.32,47771.28,47771.28,16398681570,0.010940465,0.010940465
2024-02-11,47768.97,48535.94,47617.41,48293.92,48293.92,19315867136,0.034461895,0.034461895
2024-02-12,48296.39,50280.48,47745.76,49958.22,49958.22,34511985805,-0.004319209,-0.004319209
2024-02-13,49941.36,50358.39,48406.5,49742.44,49742.44,35593051468,0.041901041,0.041901041
2024-02-14,49733.45,52021.37,49296.83,51826.7,51826.7,39105608050,0.002158154,0.002158154
2024-02-15,51836.79,52820.07,51371.63,51938.55,51938.55,38564360533,0.004267543,0.004267543
2024-02-16,51937.73,52537.97,51641.37,52160.2,52160.2,28180567298,-0.009532172,-0.009532172
2024-02-17,52161.68,52191.91,50669.67,51663,51663,20009091006,0.008895147,0.008895147
2024-02-18,51661.97,52356.96,51233.71,52122.55,52122.55,17595377311,-0.006588511,-0.006588511
2024-02-19,52134.81,52483.32,51711.82,51779.14,51779.14,21362184346,0.009767254,0.009767254
2024-02-20,51777.73,52945.05,50792.31,52284.88,52284.88,33353758256,-0.008524453,-0.008524453
2024-02-21,52273.54,52368.82,50671.76,51839.18,51839.18,28624907020,-0.01030514,-0.01030514
2024-02-22,51854.64,52009.61,50926.29,51304.97,51304.97,25413900611,-0.011168898,-0.011168898
2024-02-23,51283.91,51497.93,50561.78,50731.95,50731.95,21427078270,0.016540858,0.016540858
2024-02-24,50736.37,51684.2,50585.45,51571.1,51571.1,15174077879,0.003144009,0.003144009
2024-02-25,51565.21,51950.03,51306.17,51733.24,51733.24,15413239245,0.053914273,0.053914273
2024-02-26,51730.54,54938.18,50931.03,54522.4,54522.4,34074411896,0.047007652,0.047007652
2024-02-27,54519.36,57537.84,54484.2,57085.37,57085.37,49756832031,0.094935357,0.094935357
2024-02-28,57071.1,63913.13,56738.43,62504.79,62504.79,83239156760,-0.020900958,-0.020900958
2024-02-29,62499.18,63585.64,60498.73,61198.38,61198.38,65496611844,0,0