Date,Open,High,Low,close,adj_close,Volume,daily_returns_adj,daily_fwd_returns_adj
01-Apr-24,71333.48,71342.09,68110.7,69702.15,69702.15,34873527352,0.023406739,-0.022871394
31-Mar-24,69647.78,71377.78,69624.87,71333.65,71333.65,20050941373,-0.023668353,0.024242124
30-Mar-24,69893.45,70355.49,69601.06,69645.3,69645.3,17130241883,0.003554152,-0.003541565
29-Mar-24,70744.8,70913.09,69076.66,69892.83,69892.83,25230851763,0.012191809,-0.012044959
28-Mar-24,69452.77,71546.02,68895.51,70744.95,70744.95,34374900617,-0.018229004,0.018567471
27-Mar-24,69991.9,71727.69,68381.93,69455.34,69455.34,40827113309,0.007666797,-0.007608465
26-Mar-24,69931.33,71535.74,69335.61,69987.84,69987.84,36010437368,-0.000414786,0.000414958
25-Mar-24,67234.09,71162.59,66414.84,69958.81,69958.81,42700139523,-0.038946346,0.040524632
24-Mar-24,64070.75,67622.76,63825.85,67234.17,67234.17,27206630673,-0.047177945,0.04951391
23-Mar-24,63802.72,65976.4,63038.49,64062.2,64062.2,24738964812,-0.00442445,0.004444113
22-Mar-24,65489.93,66623.75,62355.37,63778.76,63778.76,41401116964,0.02685267,-0.02615046
21-Mar-24,67911.59,68199.99,64580.92,65491.39,65491.39,44480350565,0.036986236,-0.035667046
20-Mar-24,61930.16,68115.26,60807.79,67913.67,67913.67,66792634382,-0.088360709,0.096925077
19-Mar-24,67556.13,68106.93,61536.18,61912.77,61912.77,74215844794,0.091028394,-0.08343357
18-Mar-24,68371.3,68897.13,66594.23,67548.59,67548.59,49261579492,0.012465693,-0.012312213
17-Mar-24,65316.34,68845.72,64545.32,68390.63,68390.63,44716864318,-0.044969757,0.047087259
16-Mar-24,69392.48,70046.27,64801.39,65315.12,65315.12,46842198371,0.062598829,-0.058911065
15-Mar-24,71387.88,72357.13,65630.7,69403.77,69403.77,78320453976,0.028713426,-0.027911977
14-Mar-24,73079.38,73750.07,68563.02,71396.59,71396.59,59594605698,0.023627319,-0.023081954
13-Mar-24,71482.12,73637.48,71334.09,73083.5,73083.5,48212536929,-0.021923006,0.022414397
12-Mar-24,72125.13,72825.66,68728.85,71481.29,71481.29,62554434520,0.008990045,-0.008909944
11-Mar-24,69020.55,72850.71,67194.88,72123.91,72123.91,65716656765,-0.043038709,0.044974347
10-Mar-24,68500.26,70005.2,68239.98,69019.79,69019.79,35683977532,-0.007547256,0.00760465
09-Mar-24,68299.26,68673.05,68053.13,68498.88,68498.88,21609650379,-0.002902091,0.002910538
08-Mar-24,66938.09,70083.05,66230.45,68300.09,68300.09,59202881172,-0.020126035,0.020539412
07-Mar-24,66099.74,68029.92,65655.53,66925.48,66925.48,46989543159,-0.01223271,0.012384203
06-Mar-24,63776.05,67637.93,62848.67,66106.8,66106.8,68750229073,-0.034876896,0.036137251
05-Mar-24,68341.05,69170.63,59323.91,63801.2,63801.2,1.02803E+11,0.070989417,-0.066283958
04-Mar-24,63137,68537.03,62386.52,68330.41,68330.41,70670471105,-0.075559915,0.081735871
03-Mar-24,62031.58,63230.21,61435.02,63167.37,63167.37,26253811450,-0.018008032,0.018338268
02-Mar-24,62431.65,62458.7,61657.29,62029.85,62029.85,23888473685,0.006622296,-0.006578729
01-Mar-24,61168.06,63155.1,60802.53,62440.63,62440.63,40186368423,-0.019894899,0.02029874
29-Feb-24,62499.18,63585.64,60498.73,61198.38,61198.38,65496611844,0.021347134,-0.020900958
28-Feb-24,57071.1,63913.13,56738.43,62504.79,62504.79,83239156760,-0.086704075,0.094935357
27-Feb-24,54519.36,57537.84,54484.2,57085.37,57085.37,49756832031,-0.044897143,0.047007652
26-Feb-24,51730.54,54938.18,50931.03,54522.4,54522.4,34074411896,-0.051156222,0.053914273
25-Feb-24,51565.21,51950.03,51306.17,51733.24,51733.24,15413239245,-0.003134155,0.003144009
24-Feb-24,50736.37,51684.2,50585.45,51571.1,51571.1,15174077879,-0.01627171,0.016540858
23-Feb-24,51283.91,51497.93,50561.78,50731.95,50731.95,21427078270,0.011295052,-0.011168898
22-Feb-24,51854.64,52009.61,50926.29,51304.97,51304.97,25413900611,0.010412442,-0.01030514
21-Feb-24,52273.54,52368.82,50671.76,51839.18,51839.18,28624907020,0.008597744,-0.008524453
20-Feb-24,51777.73,52945.05,50792.31,52284.88,52284.88,33353758256,-0.009672777,0.009767254
19-Feb-24,52134.81,52483.32,51711.82,51779.14,51779.14,21362184346,0.006632207,-0.006588511
18-Feb-24,51661.97,52356.96,51233.71,52122.55,52122.55,17595377311,-0.008816721,0.008895147
17-Feb-24,52161.68,52191.91,50669.67,51663,51663,20009091006,0.009623909,-0.009532172
16-Feb-24,51937.73,52537.97,51641.37,52160.2,52160.2,28180567298,-0.004249409,0.004267543
15-Feb-24,51836.79,52820.07,51371.63,51938.55,51938.55,38564360533,-0.002153506,0.002158154
14-Feb-24,49733.45,52021.37,49296.83,51826.7,51826.7,39105608050,-0.04021595,0.041901041
13-Feb-24,49941.36,50358.39,48406.5,49742.44,49742.44,35593051468,0.004337946,-0.004319209
12-Feb-24,48296.39,50280.48,47745.76,49958.22,49958.22,34511985805,-0.033313837,0.034461895
11-Feb-24,47768.97,48535.94,47617.41,48293.92,48293.92,19315867136,-0.010822066,0.010940465
10-Feb-24,47153.53,48146.17,46905.32,47771.28,47771.28,16398681570,-0.013063916,0.013236841
09-Feb-24,45297.38,48152.5,45260.82,47147.2,47147.2,39316770844,-0.039146121,0.040740972
08-Feb-24,44332.13,45575.84,44332.13,45301.57,45301.57,26154524080,-0.021706753,0.022188391
07-Feb-24,43090.02,44341.95,42775.96,44318.22,44318.22,21126587775,-0.027833925,0.028630833
06-Feb-24,42657.39,43344.15,42529.02,43084.67,43084.67,16798476726,-0.009887508,0.009986247
05-Feb-24,42577.62,43494.25,42264.82,42658.67,42658.67,18715487317,-0.001760252,0.001763356
04-Feb-24,42994.94,43097.64,42374.83,42583.58,42583.58,14802225490,0.009596892,-0.009505667
03-Feb-24,43184.96,43359.94,42890.81,42992.25,42992.25,11169245236,0.00450337,-0.00448318
02-Feb-24,43077.64,43422.49,42584.34,43185.86,43185.86,18603843039,-0.002549214,0.002555729
01-Feb-24,42569.76,43243.17,41879.19,43075.77,43075.77,21423953779,-0.011448664,0.011581253
31-Jan-24,42946.25,43717.41,42298.95,42582.61,42582.61,24673628793,0.008688993,-0.008614145
30-Jan-24,43300.23,43838.95,42711.37,42952.61,42952.61,23842814518,0.007814193,-0.007753605
29-Jan-24,42030.91,43305.87,41818.33,43288.25,43288.25,20668476578,-0.028937645,0.029799986
28-Jan-24,42126.13,42797.18,41696.91,42035.59,42035.59,16858971687,0.00200925,-0.002005221
27-Jan-24,41815.63,42195.63,41431.28,42120.05,42120.05,11422941934,-0.007197997,0.007250184
26-Jan-24,39936.82,42209.39,39825.69,41816.87,41816.87,25598119893,-0.045031108,0.047154529
25-Jan-24,40075.55,40254.48,39545.66,39933.81,39933.81,18491782013,0.003587436,-0.003574613
24-Jan-24,39877.59,40483.79,39508.8,40077.07,40077.07,22359526178,-0.005776869,0.005810436
23-Jan-24,39518.71,40127.35,38521.89,39845.55,39845.55,29244553045,-0.008487271,0.008559922
22-Jan-24,41553.65,41651.21,39450.12,39507.37,39507.37,31338708143,0.051595943,-0.049064418
21-Jan-24,41671.49,41855.37,41497.01,41545.79,41545.79,9344043642,0.002883565,-0.002875274
20-Jan-24,41624.59,41877.89,41446.82,41665.59,41665.59,11586690904,-0.001132349,0.001133633
19-Jan-24,41278.46,42134.16,40297.46,41618.41,41618.41,25752407154,-0.008562317,0.008636263
18-Jan-24,42742.31,42876.35,40631.17,41262.06,41262.06,25218357242,0.0358826,-0.03463964
17-Jan-24,43132.1,43189.89,42189.31,42742.65,42742.65,20851232595,0.009646103,-0.009553945
16-Jan-24,42499.34,43566.27,42086,43154.95,43154.95,24062872740,-0.014899334,0.015124681
15-Jan-24,41715.07,43319.72,41705.42,42511.97,42511.97,22320220558,-0.016835258,0.017123538
14-Jan-24,42842.26,43065.6,41724.61,41796.27,41796.27,17521429522,0.025028788,-0.024417644
13-Jan-24,42799.45,43234.66,42464.14,42842.38,42842.38,20601860469,0.000251853,-0.00025179
12-Jan-24,46354.79,46498.14,41903.77,42853.17,42853.17,43332698900,0.082034071,-0.075814684
11-Jan-24,46656.07,48969.37,45678.64,46368.59,46368.59,45833734549,0.005589775,-0.005558703
10-Jan-24,46121.54,47647.22,44483.15,46627.78,46627.78,50114613298,-0.010466936,0.010577652
09-Jan-24,46987.64,47893.7,45244.71,46139.73,46139.73,39821290992,0.018005524,-0.017687059
08-Jan-24,43948.71,47218,43244.08,46970.5,46970.5,42746192015,-0.064453221,0.068893637
07-Jan-24,43998.46,44495.57,43662.23,43943.1,43943.1,19330573863,0.001049084,-0.001047985
06-Jan-24,44178.95,44227.63,43475.16,43989.2,43989.2,16092503468,0.003943923,-0.003928429
05-Jan-24,44192.98,44353.29,42784.72,44162.69,44162.69,32336029347,0.000390148,-0.000389996
04-Jan-24,42855.82,44770.02,42675.18,44179.92,44179.92,30448091210,-0.030143558,0.031080433
03-Jan-24,44961.6,45503.24,40813.54,42848.18,42848.18,46342323118,0.049238731,-0.046928053
02-Jan-24,44187.14,45899.71,44176.95,44957.97,44957.97,39335274536,-0.017586203,0.017901014
01-Jan-24,42280.23,44175.44,42214.98,44167.33,44167.33,18426978443,-0.043066674,0.045004885
31-Dec-23,42152.1,42860.94,41998.25,42265.19,42265.19,16397498810,-0.002562156,0.002568737
30-Dec-23,42091.75,42584.13,41556.23,42156.9,42156.9,16013925945,-0.001363952,0.001365815
29-Dec-23,42614.64,43124.32,41424.06,42099.4,42099.4,26000021055,0.012552673,-0.012397057
28-Dec-23,43468.2,43804.78,42318.55,42627.86,42627.86,22992093014,0.019118952,-0.018760275
27-Dec-23,42518.47,43683.16,42167.58,43442.86,43442.86,25260941032,-0.021233869,0.021694528
26-Dec-23,43599.85,43603.18,41676.49,42520.4,42520.4,30026850982,0.025699194,-0.025055293
25-Dec-23,43010.57,43765.09,42765.77,43613.14,43613.14,21115795370,-0.013688994,0.013878983
24-Dec-23,43728.37,43945.52,42786.92,43016.12,43016.12,18830554085,0.016817416,-0.016539269
23-Dec-23,44012.2,44015.7,43351.36,43739.54,43739.54,13507796558,0.005906784,-0.005872098
22-Dec-23,43868.99,44367.96,43441.97,43997.9,43997.9,21028503216,-0.002926276,0.002934864
21-Dec-23,43648.13,44240.67,43330.05,43869.15,43869.15,22452766169,-0.004944249,0.004968816
20-Dec-23,42261.3,44275.59,42223.82,43652.25,43652.25,27868908174,-0.031652893,0.032687549
19-Dec-23,42641.51,43354.3,41826.34,42270.53,42270.53,23171001281,0.008351208,-0.008282043
18-Dec-23,41348.2,42720.3,40530.26,42623.54,42623.54,25224642008,-0.029534853,0.030433708
17-Dec-23,42236.11,42359.5,41274.54,41364.66,41364.66,16678702876,0.021164443,-0.020725793
16-Dec-23,41937.74,42664.95,41723.11,42240.12,42240.12,14386729590,-0.007347517,0.007401903
15-Dec-23,43028.25,43087.82,41692.97,41929.76,41929.76,19639442462,0.026096262,-0.025432567
14-Dec-23,42884.26,43390.86,41767.09,43023.97,43023.97,25578530178,-0.003096646,0.003106265
13-Dec-23,41468.46,43429.78,40676.87,42890.74,42890.74,26797884674,-0.033585804,0.034753012
12-Dec-23,41238.73,42048.3,40667.56,41450.22,41450.22,24779520132,-0.004979226,0.005004142
11-Dec-23,43792.02,43808.38,40234.58,41243.83,41243.83,40632672038,0.061484833,-0.057923421
10-Dec-23,43728.38,44034.63,43593.29,43779.7,43779.7,13000481418,-0.001227053,0.00122856
09-Dec-23,44180.02,44361.26,43627.6,43725.98,43725.98,17368210171,0.010076847,-0.009976317
08-Dec-23,43293.14,44705.52,43125.3,44166.6,44166.6,24421116687,-0.019787351,0.020186794
07-Dec-23,43769.13,44042.59,42880.65,43292.66,43292.66,27635760671,0.010481915,-0.010373185
06-Dec-23,44080.02,44265.77,43478.08,43746.45,43746.45,29909761586,0.007639477,-0.007581558
05-Dec-23,41986.27,44408.66,41421.15,44080.65,44080.65,36312154535,-0.047652428,0.050036803
04-Dec-23,39978.63,42371.75,39978.63,41980.1,41980.1,39856129827,-0.047682354,0.0500698
03-Dec-23,39472.21,40135.61,39298.16,39978.39,39978.39,15769696322,-0.012558285,0.012718001
02-Dec-23,38689.28,39678.94,38652.59,39476.33,39476.33,15534035612,-0.019950689,0.020356822
01-Dec-23,37718.01,38954.11,37629.36,38688.75,38688.75,23512784002,-0.025226972,0.025879842
30-Nov-23,37861.12,38141.75,37531.14,37712.75,37712.75,18115982627,0.003864476,-0.003849599
29-Nov-23,37826.11,38366.11,37612.63,37858.49,37858.49,20728546658,-0.000723748,0.000724272
28-Nov-23,37247.99,38368.48,36891.09,37831.09,37831.09,21696137014,-0.015249891,0.015486052
27-Nov-23,37454.19,37559.36,36750.13,37254.17,37254.17,19002925720,0.00603825,-0.006002009
26-Nov-23,37796.83,37820.3,37162.75,37479.12,37479.12,13744796068,0.008475919,-0.008404682
25-Nov-23,37721.41,37892.43,37617.42,37796.79,37796.79,9099571165,-0.002024246,0.002028352
24-Nov-23,37296.32,38415.34,37261.61,37720.28,37720.28,22922957823,-0.011417201,0.011549058
23-Nov-23,37420.43,37643.92,36923.86,37289.62,37289.62,14214948217,0.003827339,-0.003812746
22-Nov-23,35756.55,37856.98,35670.97,37432.34,37432.34,24397247860,-0.043238814,0.045192902
21-Nov-23,37469.16,37631.14,35813.81,35813.81,35813.81,25172163756,0.04643879,-0.044377932
20-Nov-23,37374.07,37756.82,36882.53,37476.96,37476.96,20888209068,-0.002412416,0.002418249
19-Nov-23,36585.77,37509.36,36414.6,37386.55,37386.55,12915986553,-0.021420805,0.0218897
18-Nov-23,36625.37,36839.28,36233.31,36585.7,36585.7,11886022717,0.000300117,-0.000300027
17-Nov-23,36164.82,36704.48,35901.23,36596.68,36596.68,22445028430,-0.012075139,0.01222273
16-Nov-23,37879.98,37934.63,35545.47,36154.77,36154.77,26007385366,0.04773395,-0.045559229
15-Nov-23,35548.11,37964.89,35383.78,37880.58,37880.58,27365821679,-0.06185069,0.065928407
14-Nov-23,36491.79,36753.35,34948.5,35537.64,35537.64,23857403554,0.027146428,-0.026428976
13-Nov-23,37070.3,37405.12,36399.61,36502.36,36502.36,19057712790,0.015126693,-0.014901286
12-Nov-23,37133.99,37227.69,36779.12,37054.52,37054.52,11545715999,0.002254246,-0.002249176
11-Nov-23,37310.07,37407.09,36773.67,37138.05,37138.05,13924272142,0.004736921,-0.004714588
10-Nov-23,36702.25,37493.8,36362.75,37313.97,37313.97,22711265155,-0.016638272,0.016919789
09-Nov-23,35633.63,37926.26,35592.1,36693.13,36693.13,37762672382,-0.028284586,0.029107891
08-Nov-23,35419.48,35994.42,35147.8,35655.28,35655.28,17295394918,-0.00593797,0.005973441
07-Nov-23,35047.79,35892.42,34545.82,35443.56,35443.56,18834737789,-0.011460192,0.011593051
06-Nov-23,35044.79,35286.03,34765.36,35037.37,35037.37,12693436420,0.000342206,-0.000342089
05-Nov-23,35090.01,35340.34,34594.24,35049.36,35049.36,12412743996,0.000936964,-0.000936087
04-Nov-23,34736.32,35256.03,34616.69,35082.2,35082.2,9561294264,-0.009973149,0.010073614
03-Nov-23,34942.47,34942.47,34133.44,34732.32,34732.32,17158456701,0.005928772,-0.005893829
02-Nov-23,35441.58,35919.84,34401.57,34938.24,34938.24,20998158544,0.014282631,-0.01408151
01-Nov-23,34657.27,35527.93,34170.69,35437.25,35437.25,22446272005,-0.021713592,0.022195537
31-Oct-23,34500.08,34719.25,34083.31,34667.78,34667.78,15758270810,-0.004771578,0.004794455
30-Oct-23,34531.74,34843.93,34110.97,34502.36,34502.36,17184860315,0.001046885,-0.00104579
29-Oct-23,34089.37,34743.26,33947.57,34538.48,34538.48,11160323986,-0.012997387,0.013168544
28-Oct-23,33907.72,34399.39,33874.8,34089.57,34089.57,10160330825,-0.00527346,0.005301417
27-Oct-23,34156.5,34238.21,33416.89,33909.8,33909.8,16418032871,0.007279606,-0.007226997
26-Oct-23,34504.29,34832.91,33762.32,34156.65,34156.65,19427195376,0.010134776,-0.010033093
25-Oct-23,33916.04,35133.76,33709.11,34502.82,34502.82,25254318008,-0.017427271,0.017736368
24-Oct-23,33077.3,35150.43,32880.76,33901.53,33901.53,44934999645,-0.024049062,0.024641671
23-Oct-23,30140.69,34370.44,30097.83,33086.23,33086.23,38363572311,-0.093462749,0.10309863
22-Oct-23,29918.65,30199.43,29720.31,29993.9,29993.9,10446520040,-0.002516845,0.002523196
21-Oct-23,29683.38,30287.48,29481.75,29918.41,29918.41,11541146996,-0.007870071,0.0079325
20-Oct-23,28732.81,30104.09,28601.67,29682.95,29682.95,21536125230,-0.032447584,0.033535737
19-Oct-23,28332.42,28892.47,28177.99,28719.81,28719.81,14448058195,-0.013630661,0.013819024
18-Oct-23,28413.53,28889.01,28174.25,28328.34,28328.34,12724128586,0.003085603,-0.003076111
17-Oct-23,28522.1,28618.75,28110.19,28415.75,28415.75,14872527508,0.003650088,-0.003636814
16-Oct-23,27162.63,29448.14,27130.47,28519.47,28519.47,27833876539,-0.047680409,0.050067656
15-Oct-23,26858.01,27289.17,26817.89,27159.65,27159.65,7098201980,-0.01096995,0.011091624
14-Oct-23,26866.2,26969,26814.59,26861.71,26861.71,5388116782,2.49426E-05,-2.49419E-05
13-Oct-23,26752.88,27092.7,26686.32,26862.38,26862.38,15165312851,-0.003930404,0.003945913
12-Oct-23,26873.29,26921.44,26558.32,26756.8,26756.8,9392909295,0.004354781,-0.004335899
11-Oct-23,27392.08,27474.12,26561.1,26873.32,26873.32,13648094333,0.01926446,-0.018900355
10-Oct-23,27589.2,27715.85,27301.65,27391.02,27391.02,9973350678,0.007033692,-0.006984565
09-Oct-23,27934.47,27989.47,27302.56,27583.68,27583.68,12007668568,0.012739779,-0.012579519
08-Oct-23,27971.68,28102.17,27740.66,27935.09,27935.09,7916875290,0.001208158,-0.0012067
07-Oct-23,27946.78,28028.09,27870.42,27968.84,27968.84,6553044316,-0.000795171,0.000795803
06-Oct-23,27412.12,28252.54,27215.55,27946.6,27946.6,13492391599,-0.01898943,0.019357008
05-Oct-23,27798.65,28091.86,27375.6,27415.91,27415.91,11877253670,0.013987498,-0.013794547
04-Oct-23,27429.07,27826.66,27248.11,27799.39,27799.39,11143355314,-0.013288421,0.013467381
03-Oct-23,27508.25,27667.19,27216,27429.98,27429.98,11407814187,0.003675176,-0.003661718
02-Oct-23,27976.8,28494.46,27347.79,27530.79,27530.79,19793041322,0.016452852,-0.016186537
01-Oct-23,26967.4,28047.24,26965.09,27983.75,27983.75,9503917434,-0.03630071,0.037668089
30-Sep-23,26911.69,27091.79,26888.97,26967.92,26967.92,5331172801,-0.002083958,0.002088309
29-Sep-23,27024.84,27225.94,26721.76,26911.72,26911.72,10396435377,0.004081122,-0.004064534
28-Sep-23,26355.81,27259.5,26327.32,27021.55,27021.55,14079002707,-0.024751726,0.025379923
27-Sep-23,26209.5,26817.84,26111.46,26352.72,26352.72,11718380997,-0.005140646,0.005167209
26-Sep-23,26294.76,26389.88,26090.71,26217.25,26217.25,9985498161,0.003098342,-0.003088772
25-Sep-23,26253.78,26421.51,26011.47,26298.48,26298.48,11997833257,-0.001583742,0.001586254
24-Sep-23,26579.37,26716.06,26221.05,26256.83,26256.83,8192867686,0.012284804,-0.012135719
23-Sep-23,26578.56,26634.19,26520.52,26579.39,26579.39,7404700301,6.77216E-06,-6.77212E-06
22-Sep-23,26564.06,26726.08,26495.53,26579.57,26579.57,10578746709,-0.000449217,0.000449419
21-Sep-23,27129.84,27152.94,26389.3,26567.63,26567.63,13371443708,0.021243144,-0.02080126
20-Sep-23,27210.23,27379.51,26864.08,27132.01,27132.01,13281116604,0.002915744,-0.002907267
19-Sep-23,26760.85,27488.76,26681.61,27211.12,27211.12,13807690550,-0.016788725,0.017075399
18-Sep-23,26532.99,27414.73,26415.52,26754.28,26754.28,15615339655,-0.008226347,0.008294581
17-Sep-23,26567.93,26618,26445.07,26534.19,26534.19,6774210670,0.001284758,-0.001283109
16-Sep-23,26606.2,26754.77,26473.89,26568.28,26568.28,7402031417,0.001520987,-0.001518677
15-Sep-23,26533.82,26840.5,26240.7,26608.69,26608.69,11479735788,-0.002593889,0.002600635
14-Sep-23,26228.28,26774.62,26171.45,26539.67,26539.67,13811359124,-0.011731495,0.011870756
13-Sep-23,25837.55,26376.11,25781.12,26228.32,26228.32,13072077070,-0.015059295,0.015289544
12-Sep-23,25160.66,26451.94,25133.08,25833.34,25833.34,18657279324,-0.025962187,0.026654188
11-Sep-23,25831.71,25883.95,24930.3,25162.65,25162.65,14600006467,0.026610075,-0.025920333
10-Sep-23,25895.21,25978.13,25640.26,25832.23,25832.23,7899553047,0.002456234,-0.002450216
09-Sep-23,25905.43,25921.98,25810.49,25895.68,25895.68,5481314132,0.000385006,-0.000384858
08-Sep-23,26245.21,26414.01,25677.48,25905.65,25905.65,10817356400,0.012914171,-0.012749522
07-Sep-23,25748.31,26409.3,25608.2,26240.2,26240.2,11088307100,-0.018557785,0.018908689
06-Sep-23,25783.93,25953.02,25404.36,25753.24,25753.24,12752705327,0.001038316,-0.001037239
05-Sep-23,25814.96,25858.38,25589.99,25779.98,25779.98,11094740040,0.001258341,-0.001256759
04-Sep-23,25968.17,26081.53,25657.03,25812.42,25812.42,10680635106,0.006088154,-0.006051313
03-Sep-23,25869.47,26087.15,25817.03,25969.57,25969.57,8962524523,-0.003880311,0.003895426
02-Sep-23,25800.91,25970.29,25753.09,25868.8,25868.8,10100387473,-0.002631742,0.002638686
01-Sep-23,25934.02,26125.87,25362.61,25800.72,25800.72,17202862221,0.005067688,-0.005042136
31-Aug-23,27301.93,27456.08,25752.93,25931.47,25931.47,20181001451,0.052669594,-0.050034307
30-Aug-23,27726.08,27760.16,27069.21,27297.27,27297.27,16343655235,0.015756887,-0.015512459
29-Aug-23,26102.49,28089.34,25912.63,27727.39,27727.39,29368391712,-0.058470704,0.062101842
28-Aug-23,26089.62,26198.58,25880.6,26106.15,26106.15,11002805166,-0.000630503,0.000630901
27-Aug-23,26008.24,26165.37,25965.1,26089.69,26089.69,6913768611,-0.00311349,0.003123215
26-Aug-23,26047.23,26107.38,25983.88,26008.46,26008.46,6034817316,0.001507586,-0.001505317
25-Aug-23,26163.68,26248.1,25786.81,26047.67,26047.67,12406045118,0.004403465,-0.004384159
24-Aug-23,26431.52,26554.91,25914.93,26162.37,26162.37,12871532023,0.010292263,-0.010187412
23-Aug-23,26040.47,26786.9,25805,26431.64,26431.64,16985265785,-0.015132621,0.015365136
22-Aug-23,26130.75,26135.51,25520.73,26031.66,26031.66,14503820706,0.003552597,-0.003540021
21-Aug-23,26188.69,26220.2,25846.09,26124.14,26124.14,13371557893,0.002504963,-0.002498704
20-Aug-23,26096.86,26260.68,26004.31,26189.58,26189.58,9036580420,-0.003565158,0.003577914
19-Aug-23,26047.83,26249.45,25802.41,26096.21,26096.21,10631443812,-0.001787616,0.001790817
18-Aug-23,26636.08,26808.2,25668.92,26049.56,26049.56,24026236529,0.02360846,-0.023063956
17-Aug-23,28699.8,28745.95,25409.11,26664.55,26664.55,31120851211,0.076402189,-0.070979221
16-Aug-23,29169.07,29221.98,28701.78,28701.78,28701.78,14949271904,0.016325468,-0.016063229
15-Aug-23,29408.05,29439.12,29088.85,29170.35,29170.35,12640195779,0.008162055,-0.008095975
14-Aug-23,29283.26,29660.25,29124.11,29408.44,29408.44,14013695304,-0.004268503,0.004286801
13-Aug-23,29416.59,29441.43,29265.81,29282.91,29282.91,7329897180,0.004543606,-0.004523055
12-Aug-23,29399.79,29465.11,29357.59,29415.96,29415.96,6194358008,-0.000620412,0.000620797
11-Aug-23,29424.9,29517.77,29253.52,29397.71,29397.71,10195168197,0.001084438,-0.001083263
10-Aug-23,29563.97,29688.56,29354.45,29429.59,29429.59,11865344789,0.004481884,-0.004461886
09-Aug-23,29766.7,30093.44,29376.8,29561.49,29561.49,18379521213,0.00690087,-0.006853574
08-Aug-23,29180.02,30176.8,29113.81,29765.49,29765.49,17570561357,-0.019650609,0.020044495
07-Aug-23,29038.51,29244.28,28724.14,29180.58,29180.58,13618163710,-0.004753847,0.004776554
06-Aug-23,29043.7,29160.82,28963.83,29041.86,29041.86,7269806994,9.29693E-06,-9.29684E-06
05-Aug-23,29075.39,29102.46,28957.8,29042.13,29042.13,6598366353,0.00110047,-0.001099261
04-Aug-23,29174.38,29302.08,28885.34,29074.09,29074.09,12036639988,0.003597361,-0.003584466
03-Aug-23,29161.81,29375.71,28959.49,29178.68,29178.68,12780357746,-0.000915737,0.000916576
02-Aug-23,29704.15,29988,28946.51,29151.96,29151.96,19212655598,0.017966888,-0.017649776
01-Aug-23,29230.87,29675.73,28657.02,29675.73,29675.73,18272392391,-0.015016311,0.015245239
31-Jul-23,29278.31,29489.87,29131.58,29230.11,29230.11,11656781982,0.001546351,-0.001543963
30-Jul-23,29357.09,29443.17,29059.5,29275.31,29275.31,8678454527,0.002787673,-0.002779924
29-Jul-23,29319.45,29396.84,29264.17,29356.92,29356.92,6481775959,-0.001283173,0.001284821
28-Jul-23,29212.16,29521.51,29125.85,29319.25,29319.25,11218474952,-0.003702687,0.003716448
27-Jul-23,29353.8,29560.97,29099.35,29210.69,29210.69,10770779217,0.004939288,-0.004915011
26-Jul-23,29225.76,29675.55,29113.91,29354.97,29354.97,13497554655,-0.004346112,0.004365084
25-Jul-23,29178.97,29353.16,29062.43,29227.39,29227.39,10266772793,-0.001726805,0.001729792
24-Jul-23,30081.66,30093.39,28934.29,29176.92,29176.92,15395817395,0.031107464,-0.030168984
23-Jul-23,29790.11,30330.64,29741.53,30084.54,30084.54,9220145050,-0.010395373,0.010504571
22-Jul-23,29908.7,29991.62,29664.12,29771.8,29771.8,7873300598,0.004599655,-0.004578595
21-Jul-23,29805.11,30046,29733.85,29908.74,29908.74,10972789818,-0.003902538,0.003917828
20-Jul-23,29915.25,30195.53,29638.1,29792.02,29792.02,14655207121,0.0040917,-0.004075026
19-Jul-23,29862.05,30184.18,29794.27,29913.92,29913.92,12128602812,-0.001917502,0.001921186
18-Jul-23,30147.07,30233.66,29556.43,29856.56,29856.56,13138897269,0.009690668,-0.00959766
17-Jul-23,30249.63,30336.4,29685.78,30145.89,30145.89,13240156074,0.003424679,-0.003412991
16-Jul-23,30297.47,30437.56,30089.67,30249.13,30249.13,8516564470,0.001543185,-0.001540807
15-Jul-23,30331.78,30407.78,30263.46,30295.81,30295.81,8011667756,0.001262881,-0.001261288
14-Jul-23,31474.72,31582.25,29966.39,30334.07,30334.07,20917902660,0.037646778,-0.036280918
13-Jul-23,30387.49,31814.52,30268.35,31476.05,31476.05,23686079548,-0.034451591,0.035680853
12-Jul-23,30622.25,30959.96,30228.84,30391.65,30391.65,14805659717,0.007544836,-0.007488337
11-Jul-23,30417.63,30788.31,30358.1,30620.95,30620.95,12151839152,-0.006743096,0.006788874
10-Jul-23,30172.42,31026.08,29985.39,30414.47,30414.47,14828209155,-0.007997509,0.008061985
09-Jul-23,30291.61,30427.59,30085.59,30171.23,30171.23,7903327692,0.004020718,-0.004004616
08-Jul-23,30346.92,30374.44,30080.16,30292.54,30292.54,7509378699,0.001641658,-0.001638968
07-Jul-23,29908,30434.64,29777.29,30342.27,30342.27,13384770155,-0.014268214,0.014474743
06-Jul-23,30507.15,31460.05,29892.23,29909.34,29909.34,21129219509,0.020222111,-0.019821283
05-Jul-23,30778.72,30877.33,30225.61,30514.17,30514.17,12481622280,0.008632383,-0.008558503
04-Jul-23,31156.87,31325.2,30659.36,30777.58,30777.58,12810828427,0.01230961,-0.012159926
03-Jul-23,30624.52,31375.61,30586.51,31156.44,31156.44,15271884873,-0.017192914,0.017493682
02-Jul-23,30587.27,30766.14,30264.02,30620.77,30620.77,10533418042,-0.001002261,0.001003266
01-Jul-23,30471.85,30641.29,30328.87,30590.08,30590.08,9086606733,-0.003688451,0.003702106
30-Jun-23,30441.35,31256.86,29600.28,30477.25,30477.25,26387306197,-0.001046682,0.001047779
29-Jun-23,30086.19,30796.25,30057.2,30445.35,30445.35,13180860821,-0.011794905,0.011935685
28-Jun-23,30696.56,30703.28,29921.82,30086.25,30086.25,14571500779,0.020006149,-0.019613753
27-Jun-23,30274.32,31006.79,30236.65,30688.16,30688.16,16428827944,-0.01358928,0.013776493
26-Jun-23,30480.52,30636.03,29955.74,30271.13,30271.13,16493186997,0.006908563,-0.006861162
25-Jun-23,30545.15,31041.27,30327.94,30480.26,30480.26,12703464114,0.002245388,-0.002240357
24-Jun-23,30708.74,30804.15,30290.15,30548.7,30548.7,12147822496,0.00480446,-0.004781487
23-Jun-23,29896.38,31389.54,29845.21,30695.47,30695.47,24115570085,-0.02551484,0.026182892
22-Jun-23,29995.94,30496,29679.16,29912.28,29912.28,20653160491,0.003845243,-0.003830514
21-Jun-23,28311.31,30737.33,28283.41,30027.3,30027.3,33346760979,-0.056608819,0.060005669
20-Jun-23,26841.66,28388.97,26668.79,28327.49,28327.49,22211859147,-0.052121102,0.05498709
19-Jun-23,26335.44,26984.61,26312.83,26851.03,26851.03,12826986222,-0.019173194,0.019547991
18-Jun-23,26510.46,26675.93,26325.89,26336.21,26336.21,9565695129,0.006624719,-0.006581121
17-Jun-23,26328.68,26769.39,26174.49,26510.68,26510.68,11090276850,-0.006911177,0.006959274
16-Jun-23,25575.28,26463.17,25245.36,26327.46,26327.46,16324646965,-0.028528008,0.029365755
15-Jun-23,25121.67,25735.31,24797.17,25576.39,25576.39,15837384409,-0.01766121,0.017978736
14-Jun-23,25920.26,26041.8,24902.15,25124.68,25124.68,14265717766,0.031604383,-0.030636146
13-Jun-23,25902.94,26376.35,25728.37,25918.73,25918.73,14143474486,-0.000626188,0.00062658
12-Jun-23,25934.29,26087.92,25675.2,25902.5,25902.5,11677889997,0.0014543,-0.001452188
11-Jun-23,25854.03,26203.44,25668.99,25940.17,25940.17,10732609603,-0.003428274,0.003440067
10-Jun-23,26481.76,26531.04,25501.84,25851.24,25851.24,19872933189,0.024336937,-0.023758722
09-Jun-23,26505.92,26770.29,26339.31,26480.38,26480.38,11015551640,0.001051344,-0.00105024
08-Jun-23,26347.65,26797.51,26246.66,26508.22,26508.22,11904824295,-0.006119611,0.006157291
07-Jun-23,27235.65,27332.18,26146.99,26346,26346,19530045082,0.033886738,-0.032776064
06-Jun-23,25732.11,27313.82,25434.87,27238.78,27238.78,21929670693,-0.054285838,0.057401951
05-Jun-23,27123.11,27129.98,25445.17,25760.1,25760.1,21513292646,0.052754842,-0.050111232
04-Jun-23,27075.12,27407.02,26968.22,27119.07,27119.07,9360912318,-0.001620262,0.001622892
03-Jun-23,27252.32,27317.05,26958,27075.13,27075.13,8385597470,0.006443552,-0.006402298
02-Jun-23,26824.56,27303.86,26574.64,27249.59,27249.59,14837415000,-0.015766109,0.016018661
01-Jun-23,27218.41,27346.11,26671.72,26819.97,26819.97,14678970415,0.014902701,-0.014683872
31-May-23,27700.53,27831.68,26866.45,27219.66,27219.66,15656371534,0.017733138,-0.017424154
30-May-23,27745.12,28044.76,27588.5,27702.35,27702.35,13251081851,0.001571347,-0.001568882
29-May-23,28075.59,28432.04,27563.88,27745.88,27745.88,15181308984,0.012245782,-0.012097637
28-May-23,26871.16,28193.45,26802.75,28085.65,28085.65,14545229578,-0.043342419,0.045306094
27-May-23,26720.18,26888.88,26621.14,26868.35,26868.35,7892015141,-0.005547791,0.005578741
26-May-23,26474.18,26916.67,26343.95,26719.29,26719.29,12711619225,-0.009097547,0.009181072
25-May-23,26329.46,26591.52,25890.59,26476.21,26476.21,13851122697,-0.005340266,0.005368937
24-May-23,27224.6,27224.6,26106.58,26334.82,26334.82,16299104428,0.033830115,-0.03272309
23-May-23,26855.96,27434.68,26816.18,27225.73,27225.73,13697203143,-0.013753534,0.013945331
22-May-23,26749.89,27045.73,26549.73,26851.28,26851.28,11056770492,-0.00362925,0.003642469
21-May-23,27118.42,27265.92,26706.92,26753.83,26753.83,8647416921,0.014045092,-0.013850559
20-May-23,26888.84,27155.16,26843.28,27129.59,27129.59,7044911360,-0.008826525,0.008905126
19-May-23,26826.75,27128.62,26700.21,26890.13,26890.13,11258983301,-0.00215395,0.0021586
18-May-23,27401.65,27466.53,26415.1,26832.21,26832.21,15222938600,0.021116039,-0.020679373
17-May-23,27035.47,27465.93,26600.14,27398.8,27398.8,15140006925,-0.013217732,0.013394781
16-May-23,27171.51,27299.3,26878.95,27036.65,27036.65,12732238816,0.005771425,-0.005738307
15-May-23,26931.38,27646.35,26766.1,27192.69,27192.69,14413231792,-0.009636781,0.009730552
14-May-23,26788.97,27150.98,26661.36,26930.64,26930.64,10014858959,-0.005442128,0.005471907
13-May-23,26807.77,27030.48,26710.87,26784.08,26784.08,9999171605,0.000780688,-0.000780079
12-May-23,26987.66,27055.65,25878.43,26804.99,26804.99,19313599897,0.00730461,-0.00725164
11-May-23,27621.09,27621.94,26781.83,27000.79,27000.79,16724343943,0.022998216,-0.022481189
10-May-23,27654.64,28322.69,26883.67,27621.76,27621.76,20656025026,0.001340248,-0.001338454
09-May-23,27695.07,27821.4,27375.6,27658.78,27658.78,14128593256,0.001283137,-0.001281493
08-May-23,28450.46,28663.27,27310.13,27694.27,27694.27,19122903752,0.027468137,-0.026733809
07-May-23,28901.62,29157.52,28441.37,28454.98,28454.98,11301355486,0.015801803,-0.015555991
06-May-23,29538.86,29820.13,28468.97,28904.62,28904.62,15913866714,0.02178752,-0.021322946
05-May-23,28851.48,29668.91,28845.51,29534.38,29534.38,17936566518,-0.023249853,0.023803276
04-May-23,29031.3,29353.19,28694.04,28847.71,28847.71,15548678514,0.005497837,-0.005467776
03-May-23,28680.49,29259.53,28178.39,29006.31,29006.31,19122972518,-0.011231005,0.011358573
02-May-23,28087.18,28881.3,27924.12,28680.54,28680.54,16432924527,-0.020535527,0.020966076
01-May-23,29227.1,29329.94,27680.79,28091.57,28091.57,18655599976,0.041907234,-0.040221656
30-Apr-23,29245.52,29952.03,29114.02,29268.81,29268.81,14652199272,-0.000694254,0.000694737
29-Apr-23,29336.57,29452.46,29088.04,29248.49,29248.49,10662634333,0.003137598,-0.003127784
28-Apr-23,29481.01,29572.79,28929.61,29340.26,29340.26,17544464887,0.004551084,-0.004530466
27-Apr-23,28428.46,29871.55,28402.89,29473.79,29473.79,27153445027,-0.035661854,0.036980653
26-Apr-23,28300.06,29995.84,27324.55,28422.7,28422.7,31854242019,-0.00404958,0.004066046
25-Apr-23,27514.87,28371.08,27207.93,28307.6,28307.6,17733373139,-0.027634275,0.028419631
24-Apr-23,27591.73,27979.98,27070.85,27525.34,27525.34,17703288330,0.002399244,-0.002393501
23-Apr-23,27816.14,27820.24,27400.31,27591.38,27591.38,12785446832,0.008195313,-0.008128696
22-Apr-23,27265.89,27872.14,27169.57,27817.5,27817.5,13125734602,-0.01943345,0.019818594
21-Apr-23,28249.23,28349.97,27177.37,27276.91,27276.91,20759504330,0.035527485,-0.034308587
20-Apr-23,28823.68,29076.4,28037.26,28245.99,28245.99,21340360360,0.020416703,-0.020008202
19-Apr-23,30394.19,30411.05,28669.9,28822.68,28822.68,24571565421,0.054639957,-0.05180911
18-Apr-23,29449.09,30470.3,29154.85,30397.55,30397.55,19480529496,-0.031335091,0.032348742
17-Apr-23,30317.15,30319.2,29275.37,29445.04,29445.04,17872186762,0.02955744,-0.028708879
16-Apr-23,30315.98,30555.54,30157.83,30315.36,30315.36,12854816417,0.000103578,-0.000103567
15-Apr-23,30490.75,30601.74,30245.88,30318.5,30318.5,11940685378,0.005514785,-0.005484539
14-Apr-23,30409.56,31005.61,30044.5,30485.7,30485.7,22659995079,-0.00284166,0.002849758
13-Apr-23,29892.74,30539.85,29878.62,30399.07,30399.07,17487721001,-0.008553551,0.008627346
12-Apr-23,30231.58,30462.48,29725.57,30139.05,30139.05,18651929926,0.003185568,-0.003175453
11-Apr-23,29653.68,30509.08,29609.3,30235.06,30235.06,20121259843,-0.019251822,0.01962973
10-Apr-23,28336.03,29771.46,28189.27,29652.98,29652.98,19282400094,-0.044512558,0.046586231
09-Apr-23,27952.37,28532.83,27828.48,28333.05,28333.05,12175322951,-0.013597548,0.01378499
08-Apr-23,27920.51,28159.86,27883.39,27947.79,27947.79,9373255556,-0.000784677,0.000785294
07-Apr-23,28038.97,28111.59,27794.03,27925.86,27925.86,10861680497,0.004235501,-0.004217637
06-Apr-23,28175.23,28178.38,27738.76,28044.14,28044.14,13837809380,0.004772477,-0.004749808
05-Apr-23,28169.73,28739.24,27843.76,28177.98,28177.98,17052315986,-0.000350983,0.000351107
04-Apr-23,27795.27,28433.74,27681.3,28168.09,28168.09,15284538859,-0.013414825,0.01359723
03-Apr-23,28183.08,28475.62,27276.72,27790.22,27790.22,19556501327,0.014720646,-0.014507093
02-Apr-23,28462.85,28518.96,27884.09,28199.31,28199.31,12284641999,0.00750834,-0.007452385
01-Apr-23,28473.33,28802.46,28297.17,28411.04,28411.04,10876469901,0.002373725,-0.002368104
31-Mar-23,28032.26,28639.9,27583.71,28478.48,28478.48,19001327598,-0.015623025,0.015870977
30-Mar-23,28350.14,29159.9,27720.16,28033.56,28033.56,22435349951,0.011232252,-0.01110749
29-Mar-23,27267.03,28619.54,27259.66,28348.44,28348.44,20684945906,-0.03810827,0.039618045
28-Mar-23,27132.89,27460.72,26677.82,27268.13,27268.13,17783600385,-0.004702926,0.004725148
27-Mar-23,27994.07,28037.93,26606.69,27139.89,27139.89,18188895178,0.03148281,-0.030521895
26-Mar-23,27495.52,28178.14,27445.05,27994.33,27994.33,13878363192,-0.017847185,0.018171496
25-Mar-23,27487.34,27791.83,27196.23,27494.71,27494.71,13383005987,-5.16463E-05,5.1649E-05
24-Mar-23,28324.11,28388.44,27039.27,27493.29,27493.29,25980310960,0.030577643,-0.029670392
23-Mar-23,27301.96,28729.84,27183.36,28333.97,28333.97,24220433689,-0.036229656,0.037591587
22-Mar-23,28158.72,28803.34,26760,27307.44,27307.44,33382021890,0.031800125,-0.030820044
21-Mar-23,27768.39,28439.56,27439.65,28175.82,28175.82,36102192830,-0.014501086,0.014714462
20-Mar-23,28041.6,28527.72,27242.88,27767.24,27767.24,44774027664,0.009775548,-0.009680912
19-Mar-23,26969.5,28440.56,26907.72,28038.68,28038.68,37769448859,-0.03826143,0.039783608
18-Mar-23,27448.12,27725.95,26636.26,26965.88,26965.88,35723036817,0.01698628,-0.016702566
17-Mar-23,25055.12,27787.81,24955.17,27423.93,27423.93,50730261335,-0.086462444,0.094645746
16-Mar-23,24373.46,25190.33,24225.11,25052.79,25052.79,33866061747,-0.027016153,0.027766291
15-Mar-23,24770.93,25240.62,23964.91,24375.96,24375.96,43655701450,0.015183402,-0.014956314
14-Mar-23,24201.77,26514.72,24081.18,24746.07,24746.07,54622230164,-0.022166752,0.022669256
13-Mar-23,22156.41,24550.84,21918.2,24197.53,24197.53,49466362688,-0.084040809,0.091751696
12-Mar-23,20628.03,22185.03,20448.81,22163.95,22163.95,29279035521,-0.069100499,0.074229816
11-Mar-23,20187.88,20792.53,20068.66,20632.41,20632.41,30180288176,-0.021576248,0.022052049
10-Mar-23,20367,20370.6,19628.25,20187.24,20187.24,39578257695,0.008707481,-0.008632315
09-Mar-23,21720.08,21802.72,20210.31,20363.02,20363.02,30364664171,0.066545139,-0.062393177
08-Mar-23,22216.44,22268.9,21708.05,21718.08,21718.08,22536575684,0.023100108,-0.022578542
07-Mar-23,22428.32,22527.42,22011.26,22219.77,22219.77,22765452204,0.009450593,-0.009362115
06-Mar-23,22436.82,22584.29,22331.31,22429.76,22429.76,17353192895,0.000256356,-0.00025629
05-Mar-23,22354.14,22613.69,22307.14,22435.51,22435.51,13317001733,-0.003662052,0.003675512
04-Mar-23,22362.92,22405.18,22198.98,22353.35,22353.35,11166012913,0.000417387,-0.000417213
03-Mar-23,23476.63,23479.35,22213.24,22362.68,22362.68,26062404610,0.04976103,-0.047402246
02-Mar-23,23647.02,23739.14,23245.02,23475.47,23475.47,20386398516,0.007287607,-0.007234882
01-Mar-23,23150.93,23880.63,23088.63,23646.55,23646.55,24662841200,,
,,,,,,,,